安平县,34
安新县,29
安国市,29
安泽县,44
阿尔山市,53
安图县,78
阿城市,79
安达市,90
安吉县,103
安溪县,129
安远县,140
安义县,134
安福县,141
安丘市,149
安阳县,164
安乡县,197
安陆市,183
安化县,199
安仁县,200
安县,242
安岳县,254
阿坝县,255
安龙县,263
安宁市,267
安多县,287
昂仁县,286
安塞县,294
安西县,307
阿克塞哈萨克族自治县,307
阿克苏市,332
阿瓦提县,332
阿图什市,333
阿合奇县,333
阿勒泰市,338
博野县,29
霸州市,33
泊头市,32
柏乡县,28
保德县,43
北票市,68
本溪满族自治县,60
北宁市,62
宾县,79
巴彦县,79
勃利县,87
拜泉县,80
宝清县,83
滨海县,97
北安市,89
宝应县,12
博兴县,158
博爱县,167
宝丰县,163
保康县,180
巴东县,188
保靖县,204
博罗县,213
宾阳县,224
北流市,232
博白县,232
巴马瑶族自治县,235
北川羌族自治县,242
宝兴县,252
白玉县,256
巴塘县,256
布拖县,257
毕节市,264
宾川县,277
比如县,287
班戈县,287
巴青县,287
八宿县,284
边坝县,284
波密县,289
白朗县,286
白水县,293
彬县,292
白河县,297
班玛县,318
巴楚县,334
拜城县,332
巴里坤哈萨克自治县,328
博乐市,330
博湖县,331
布尔津县,338
璧山县,9
巢湖市,110
从化市,4
常熟市,6
慈溪,11
长海县,19
赤城县,30
崇礼县,30
承德县,31
昌黎县,26
沧县,32
成安县,27
磁县,27
长治县,38
长子县,38
朝阳县,68
昌图县,67
长岭县,76
长白朝鲜族自治县,75
长兴县,103
常山县,106
苍南县,101
长丰县,110
淳安县,3
长乐市,14
长泰县,130
长汀县,132
崇义县,140
崇仁县,143
茌平县,157
昌邑市,149
昌乐县,149
长岛县,148
苍山县,155
曹县,159
成武县,159
长垣县,166
长葛市,169
赤壁市,186
崇阳县,186
长阳土家族自治县,179
长沙县,344
慈利县,198
茶陵县,192
常宁市,194
城步苗族自治县,195
潮安县,221
辰溪县,202
苍梧县,227
岑溪市,227
崇州市,8
苍溪县,243
长宁县,249
赤水市,260
岑巩县,265
从江县,265
长顺县,266
册亨县,263
呈贡县,267
澄江县,269
昌宁县,270
沧源佤族自治县,282
楚雄市,272
昌都县,284
察雅县,284
察隅县,289
措美县,285
错那县,285
措勤县,288
澄城县,293
长武县,292
淳化县,292
城固县,295
崇信县,306
成县,310
称多县,319
策勒县,335
察布查尔锡伯自治县,336
城口县,9
昌吉市,329
大城县,33
定州市,29
大厂回族自治县,33
东光县,32
定兴县,29
大名县,27
大同县,36
定襄县,43
代县,43
大宁县,44
磴口县,56
多伦县,54
调兵山市,67
灯塔市,65
东港市,61
大石桥市,63
大洼县,66
德惠市,70
东丰县,73
大安市,77
东辽县,73
敦化市,78
东宁县,88
杜尔伯特蒙古族自治县,84
东海县,95
东台市,97
大丰市,97
德清县,103
丹阳市,98
东阳市,105
岱山县,107
洞头县,101
砀山县,121
当涂县,114
定远县,119
东至县,125
大田县,128
德化县,129
东山县,130
德安县,137
都昌县,137
大余县,140
定南县,140
东乡县,143
德兴市,144
东阿县,157
东平县,151
定陶县,159
单县,159
东明县,159
邓州市,172
登封市,160
郸城县,175
丹江口市,178
大悟县,183
大冶市,177
当阳市,179
东安县,201
道县,201
洞口县,195
东源县,216
大埔县,214
德庆县,212
电白县,211
东兴市,229
大新县,394
德保县,233
东兰县,235
大化瑶族自治县,235
都安瑶族自治县,235
都江堰市,8
大邑县,8
达县,251
大英县,244
大竹县,251
丹棱县,248
丹巴县,256
道孚县,256
德格县,256
稻城县,256
得荣县,256
德昌县,257
道真仡佬族苗族自治县,260
大方县,264
德江县,262
丹寨县,265
都匀市,266
独山县,266
大关县,271
德钦县,281
大姚县,272
当雄县,283
堆龙德庆县,283
丁青县,284
达孜县,283
定日县,286
定结县,286
大荔县,293
定边县,296
敦煌市,307
丹凤县,298
宕昌县,310
迭部县,312
东乡族自治县,311
大通回族土族自治县,313
达日县,318
德令哈市,320
都兰县,320
大足县,9
垫江县,9
额尔古纳市,52
二连浩特市,54
恩平市,209
恩施市,188
峨眉山市,246
峨边彝族自治县,246
峨山彝族自治县,269
洱源县,277
额敏县,337
福清市,14
奉化市,11
丰宁满族自治县,31
抚宁县,26
阜平县,29
阜城县,34
肥乡县,27
繁峙县,43
浮山县,44
汾西县,44
汾阳市,45
方山县,45
丰镇市,55
法库县,18
阜新蒙古族自治县,64
抚顺县,59
凤城市,61
扶余县,76
抚松县,75
方正县,79
富裕县,80
富锦市,86
抚远县,86
丰县,92
阜宁县,97
富阳市,3
肥东县,110
肥西县,110
阜南县,120
凤台县,113
凤阳县,119
繁昌县,111
福安市,133
福鼎市,133
浮梁县,135
分宜县,138
丰城市,142
奉新县,142
费县,155
肥城市,151
封丘县,166
范县,168
方城县,172
扶沟县,175
房县,178
凤凰县,204
佛冈县,218
丰顺县,214
封开县,212
扶绥县,394
凤山县,235
富川瑶族自治县,234
富顺县,238
凤冈县,260
福泉市,266
富民县,267
富源县,268
凤庆县,282
福贡县,280
富宁县,274
富县,294
富平县,293
凤翔县,291
扶风县,291
凤县,291
府谷县,296
佛坪县,295
阜康市,329
富蕴县,338
福海县,338
丰都县,9
奉节县,9
高邑县,24
格尔木市,320
高邮市,12
藁城市,24
沽源县,30
固安县,33
高碑店市,29
故城县,34
高阳县,29
广宗县,28
广平县,27
馆陶县,27
古交市,35
广灵县,36
高平市,39
古县,44
固阳县,47
根河市,52
盖州市,63
公主岭市,72
甘南县,80
高淳县,5
赣榆县,95
灌云县,95
灌南县,95
固镇县,112
广德县,126
光泽县,131
古田县,133
贵溪市,139
赣县,140
广丰县,144
高安市,142
广昌县,143
冠县,157
高唐县,157
高青县,145
广饶县,147
高密市,149
巩义市,160
光山县,174
固始县,174
公安县,184
谷城县,180
桂阳县,200
广水市,187
桂东县,200
古丈县,204
高要市,212
广宁县,212
高州市,211
灌阳县,226
恭城瑶族自治县,226
桂平市,231
广汉市,241
古蔺县,240
高县,249
珙县,249
甘孜县,256
甘洛县,257
贵定县,266
关岭布依族苗族自治县,261
耿马傣族佤族自治县,282
贡山独龙族怒族自治县,280
个旧市,273
广南县,274
贡觉县,284
工布江达县,289
贡嘎县,285
噶尔县,288
革吉县,288
岗巴县,286
改则县,288
高陵县,17
甘泉县,294
皋兰县,299
甘谷县,303
古浪县,304
高台县,305
广河县,311
刚察县,315
甘德县,318
巩留县,336
共和县,411
贵德县,411
贵南县,411
潢川县,174
珲春市,78
怀安县,30
赞皇县,24
怀来县,30
黄骅市,32
河间市,32
海兴县,32
邯郸县,27
怀仁县,40
浑源县,36
壶关县,38
河曲县,43
和顺县,41
霍州市,44
侯马市,44
洪洞县,44
和林格尔县,46
化德县,55
霍林郭勒市,50
桓仁满族自治县,60
黑山县,62
海城市,58
桦甸市,71
辉南县,74
和龙市,78
桦南县,86
桦川县,86
虎林市,81
海伦市,90
呼玛县,91
海林市,88
洪泽县,96
海门市,94
海安县,94
海盐县,102
海宁市,102
怀远县,112
怀宁县,117
霍邱县,123
霍山县,123
含山县,114
和县,114
惠安县,129
华安县,130
湖口县,137
会昌县,140
横峰县,144
桓台县,145
海阳市,148
惠民县,158
辉县市,166
获嘉县,166
滑县,164
淮滨县,174
淮阳县,175
汉川市,183
红安县,185
黄梅县,185
洪湖市,184
鹤峰县,188
汉寿县,197
华容县,196
衡阳县,194
衡南县,194
衡山县,194
衡东县,194
洪江市,202
会同县,202
花垣县,204
和平县,216
惠来县,222
海丰县,215
惠东县,213
鹤山市,209
怀集县,212
化州市,211
横县,224
合浦县,228
环江毛南族自治县,235
合山市,398
华蓥市,250
合江县,240
洪雅县,248
汉源县,252
黑水县,255
红原县,255
会理县,257
会东县,257
赫章县,264
黄平县,265
惠水县,266
会泽县,268
华宁县,269
华坪县,279
鹤庆县,277
红河县,273
河口瑶族自治县,273
户县,17
黄龙县,294
黄陵县,294
华阴市,293
韩城市,293
华县,293
合阳县,293
横山县,296
汉阴县,297
会宁县,302
环县,308
华池县,308
合水县,308
华亭县,306
徽县,310
和政县,311
合作市,312
湟源县,313
湟中县,313
互助土族自治县,314
海晏县,315
化隆回族自治县,314
河南蒙古族自治县,316
和田市,335
贺兰县,321
和田县,335
哈密市,328
呼图壁县,329
和静县,331
和硕县,331
霍城县,336
和布克赛尔蒙古自治县,337
哈巴河县,338
黄岛,21
江都市,12
蓟县,10
江阴,13
静海县,10
晋州市,24
井陉县,24
冀州市,34
景县,34
巨鹿县,28
鸡泽县,27
静乐县,43
介休市,41
吉县,44
交口县,45
交城县,45
建平县,68
建昌县,69
九台市,70
蛟河市,71
集安市,74
江源县,75
靖宇县,75
嘉荫县,85
集贤县,83
鸡东县,81
金湖县,96
建湖县,97
靖江市,99
姜堰市,99
句容市,98
金坛市,93
建德市,3
嘉善县,102
江山市,106
缙云县,109
景宁畲族自治县,109
界首市,120
金寨县,123
泾县,126
旌德县,126
绩溪县,126
建瓯市,131
建阳市,131
将乐县,128
建宁县,128
进贤县,134
九江县,137
金溪县,143
靖安县,142
井冈山市,141
吉安县,141
吉水县,141
济阳县,22
胶州市,21
即墨市,21
胶南市,21
莒县,153
莒南县,155
金乡县,150
嘉祥县,150
巨野县,159
鄄城县,159
郏县,163
京山县,182
嘉鱼县,186
江陵县,184
监利县,184
建始县,188
津市市,197
嘉禾县,200
江永县,201
江华瑶族自治县,201
靖州苗族侗族自治县,202
吉首市,204
蕉岭县,214
揭东县,222
揭西县,222
靖西县,233
金秀瑶族自治县,398
金堂县,8
剑阁县,243
犍为县,246
江油市,242
井研县,246
夹江县,246
江安县,249
筠连县,249
简阳市,254
九寨沟县,255
金川县,255
九龙县,256
金阳县,257
金沙县,264
江口县,262
锦屏县,265
剑河县,265
晋宁县,267
江川县,269
景东彝族自治县,275
景谷傣族彝族自治县,275
江城哈尼族彝族自治县,275
剑川县,277
景洪市,276
建水县,273
金平苗族瑶族傣族自治县,273
嘉黎县,287
江达县,284
加查县,285
江孜县,286
吉隆县,286
泾阳县,292
靖边县,296
佳县,296
靖远县,302
景泰县,302
金塔县,307
泾川县,306
静宁县,306
积石山保安族东乡族撒拉族自治县,311
尖扎县,316
久治县,318
泾源县,324
伽师县,334
精河县,330
吉木萨尔县,329
吉木乃县,338
奎屯市,336
库尔勒市,331
康定县,256
康保县,30
宽城满族自治县,31
满城县,29
岢岚县,43
开鲁县,50
康平县,18
喀喇沁左翼蒙古族自治县,68
开原市,67
宽甸满族自治县,61
克山县,80
开化县,106
克东县,80
开封县,161
垦利县,147
开平市,209
开江县,251
开阳县,258
凯里市,265
康县,310
康乐县,311
康马县,286
库车县,332
喀什市,334
开县,9
开远市,273
柯坪县,332
骡马市,8
溧水县,5
鹿泉市,24
栾城县,24
灵寿县,24
滦平县,31
隆化县,31
卢龙县,26
滦县,25
滦南县,25
乐亭县,25
涞源县,29
蠡县,29
涞水县,29
临城县,28
隆尧县,28
临西县,28
临漳县,27
娄烦县,35
灵丘县,36
潞城市,38
黎城县,38
陵川县,39
灵石县,41
临县,45
柳林县,45
岚县,45
林西县,49
凉城县,55
辽中县,18
凌源市,68
辽阳县,65
凌海市,62
柳河县,74
梨树县,72
龙井市,78
临江市,75
龙江县,80
林甸县,84
林口县,88
萝北县,82
兰西县,90
涟水县,96
溧阳市,93
临安市,3
龙游县,106
兰溪市,105
临海市,108
龙泉市,109
灵璧县,121
利辛县,124
临泉县,120
来安县,119
庐江县,110
郎溪县,126
连江县,14
罗源县,14
龙海市,130
连城县,132
乐平市,135
莲花县,136
芦溪县,136
龙南县,140
黎川县,143
乐安县,143
临清市,157
乐陵市,156
陵县,156
临邑县,156
利津县,147
临朐县,149
龙口市,148
莱阳市,148
莱州市,148
莱西市,21
临沭县,155
卢氏县,171
灵宝市,171
栾川县,162
洛宁县,162
林州市,164
兰考县,161
临颍县,170
鲁山县,163
罗山县,174
鹿邑县,175
罗田县,185
利川市,188
浏阳市,344
澧县,197
老河口市,180
临湘市,196
醴陵市,192
耒阳市,194
临武县,200
来凤县,188
蓝山县,201
冷水江市,203
涟源市,203
泸溪县,204
隆回县,195
龙山县,204
连州市,218
连山壮族瑶族自治县,218
连南瑶族自治县,218
乐昌市,205
龙川县,216
连平县,216
陆丰市,215
陆河县,215
龙门县,213
罗定市,223
廉江市,210
雷州市,210
临桂县,226
隆安县,224
灵川县,226
荔浦县,226
龙胜各族自治县,226
柳江县,225
柳城县,225
陆川县,232
鹿寨县,225
灵山县,230
龙州县,394
凌云县,233
乐业县,233
隆林各族自治县,233
罗城仫佬族自治县,235
罗江县,241
阆中市,247
邻水县,250
隆昌县,245
泸县,240
乐至县,254
芦山县,252
理县,255
泸定县,256
炉霍县,256
理塘县,256
雷波县,257
黎平县,265
雷山县,265
荔波县,266
罗甸县,266
龙里县,266
禄劝彝族苗族自治县,267
罗平县,268
陆良县,268
龙陵县,270
鲁甸县,271
澜沧拉祜族自治县,275
潞西市,278
梁河县,278
陇川县,278
禄丰县,272
泸水县,280
兰坪白族普米族自治县,280
绿春县,273
泸西县,273
林周县,283
类乌齐县,284
洛隆县,284
林芝县,289
朗县,289
洛扎县,285
隆子县,285
浪卡子县,285
拉孜县,286
洛川县,294
蓝田县,17
礼泉县,292
陇县,291
略阳县,295
留坝县,295
麟游县,291
洛南县,298
临泽县,305
岚皋县,297
灵台县,306
临洮县,309
陇西县,309
礼县,310
两当县,310
临夏市,311
临夏县,311
临潭县,312
碌曲县,312
乐都县,314
灵武市,321
隆德县,324
洛浦县,335
轮台县,331
临澧县,197
梁平县,9
梁山县,150
梅河口市,74
密云县,2
孟村回族自治县,32
满洲里市,52
密山市,81
穆棱市,88
明水县,90
漠河县,91
蒙城县,124
明光市,119
闽侯县,14
木兰县,79
明溪县,128
孟津县,162
蒙阴县,155
孟州市,167
民权县,173
泌阳县,176
麻城市,185
汨罗市,196
麻阳苗族自治县,202
梅县,214
马山县,224
蒙山县,227
沐川县,246
绵竹市,241
马边彝族自治县,246
名山县,252
米易县,239
马尔康县,255
冕宁县,257
美姑县,257
木里藏族自治县,257
湄潭县,260
麻江县,265
马龙县,268
墨江哈尼族自治县,275
孟连傣族拉祜族佤族自治县,275
弥渡县,277
牟定县,272
勐海县,276
勐腊县,276
弥勒县,273
蒙自县,273
麻栗坡县,274
马关县,274
墨竹工卡县,283
芒康县,284
米林县,289
墨脱县,289
勉县,295
眉县,291
米脂县,296
民勤县,304
民乐县,305
岷县,309
民和回族土族自治县,314
门源回族自治县,315
玛曲县,312
玛沁县,318
玛多县,318
麦盖提县,334
墨玉县,335
民丰县,335
米泉市,329
玛纳斯县,329
木垒哈萨克自治县,329
宁河县,10
南皮县,32
南宫市,28
内丘县,28
南和县,28
宁晋县,28
宁武县,43
宁城县,49
农安县,70
讷河市,80
嫩江县,89
宁安市,88
南陵县,111
宁国市,126
宁化县,128
南安市,129
南昌县,134
南靖县,130
南康市,140
宁都县,140
南城县,143
宁津县,156
南丰县,143
宁阳县,151
内黄县,164
南乐县,168
宁陵县,173
内乡县,172
南召县,172
南漳县,180
宁乡县,344
南县,199
宁远县,201
南雄市,205
南澳县,207
宁明县,394
那坡县,233
南丹县,235
南部县,247
南溪县,249
南江县,253
宁南县,257
纳雍县,264
宁蒗彝族自治县,279
南涧彝族自治县,277
南华县,272
尼木县,283
那曲县,287
聂荣县,287
尼玛县,287
南木林县,286
乃东县,285
南郑县,295
聂拉木县,286
宁强县,295
宁陕县,297
宁县,308
囊谦县,319
尼勒克县,336
宁海县,11
闽清县,14
茂县,255
平乡县,28
平定县,37
偏关县,43
普兰店市,19
平遥县,41
蒲县,44
盘山县,66
磐石市,71
邳州市,92
平湖市,102
浦江县,105
平泉县,31
磐安县,105
平阳县,101
平潭县,14
浦城县,131
平和县,130
屏南县,133
彭泽县,137
鄱阳县,144
平阴县,22
平原县,156
蓬莱市,148
平邑县,155
平度市,21
濮阳县,168
平山县,24
平舆县,176
平远县,214
平江县,196
普宁市,222
平乐县,226
凭祥市,394
平南县,231
浦北县,230
平果县,233
彭州市,8
蒲江县,8
郫县,8
平武县,242
蓬安县,247
蓬溪县,244
平昌县,253
屏山县,249
普格县,257
彭山县,248
盘县,259
普定县,261
平坝县,261
平顺县,38
普安县,263
普洱哈尼族彝族自治县,275
平塘县,266
屏边苗族自治县,273
普兰县,288
蒲城县,293
平利县,297
平罗县,322
彭阳县,324
皮山县,335
彭水苗族土家族自治县,9
平安县,314
番禺,4
沛县,92
曲阳县,29
青县,32
迁西县,25
清河县,28
清苑县,29
曲周县,27
邱县,27
清徐县,35
沁县,38
沁源县,38
曲沃县,44
祁县,41
沁水县,39
清水河县,46
清原满族自治县,59
迁安市,25
乾安县,76
青龙满族自治县,26
前郭尔罗斯蒙古族自治县,76
庆安县,90
启东市,94
青田县,109
庆元县,109
全椒县,119
潜山县,117
祁门县,118
青阳县,125
清流县,128
全南县,140
齐河县,156
铅山县,144
庆云县,156
青州市,149
栖霞市,148
曲阜市,150
沁阳市,167
淇县,165
清丰县,168
杞县,161
青冈县,90
确山县,176
蕲春县,185
祁阳县,201
清新县,218
全州县,226
青川县,243
渠县,251
邛崃市,8
青神县,248
清镇市,258
黔西县,264
晴隆县,263
丘北县,274
巧家县,271
琼结县,285
曲水县,283
曲松县,285
乾县,292
岐山县,291
千阳县,291
清涧县,296
清水县,303
秦安县,303
庆城县,308
祁连县,315
曲麻莱县,319
青铜峡市,323
阿克陶县,333
奇台县,329
青河县,338
綦江县,9
且末县,331
饶阳县,34
任丘市,32
任县,28
饶河县,83
如皋市,94
如东县,94
瑞安市,101
瑞昌市,137
瑞金市,140
荣成市,152
乳山市,152
汝阳县,162
汝州市,163
汝南县,176
汝城县,200
乳源瑶族自治县,205
仁化县,205
融安县,225
饶平县,221
融水苗族自治县,225
容县,232
荣县,238
仁寿县,248
壤塘县,255
若尔盖县,255
仁怀市,260
榕江县,265
瑞丽市,278
日喀则市,286
仁布县,286
日土县,288
荣昌县,9
若羌县,331
祁东县,194
顺平县,29
深泽县,24
三河市,33
肃宁县,32
沙河市,28
涉县,27
神池县,43
尚义县,30
深州市,34
寿阳县,41
山阴县,40
石楼县,45
商都县,55
绥中县,69
舒兰市,71
双辽市,72
双城市,79
尚志市,79
绥滨县,82
绥芬河市,88
绥棱县,90
睢宁县,92
沭阳县,100
泗阳县,100
泗洪县,100
射阳县,97
嵊泗县,107
孙吴县,89
上虞市,104
嵊州市,104
绍兴县,104
遂昌县,109
三门县,108
松阳县,109
濉溪县,115
泗县,121
宿松县,117
寿县,123
石台县,125
舒城县,123
邵武市,131
顺昌县,131
松溪县,131
沙县,128
石狮市,129
上杭县,132
寿宁县,133
上犹县,140
上栗县,136
石城县,140
上饶县,144
上高县,142
遂川县,141
商河县,22
寿光市,149
泗水县,150
渑池县,171
陕县,171
嵩县,162
商城县,174
社旗县,172
商水县,175
遂平县,176
睢县,173
沈丘县,175
上蔡县,176
沙洋县,182
石首市,184
桑植县,198
松滋市,184
石门县,197
韶山市,193
邵东县,195
邵阳县,195
绥宁县,195
双牌县,201
双峰县,203
始兴县,205
四会市,212
遂溪县,210
上林县,224
三江侗族自治县,225
上思县,229
双流县,8
三台县,242
什邡市,241
射洪县,244
石棉县,252
松潘县,255
石渠县,256
色达县,256
绥阳县,260
石阡县,262
思南县,262
松桃苗族自治县,262
施秉县,265
三都水族自治县,266
三穗县,265
嵩明县,267
师宗县,268
石林彝族自治县,267
施甸县,270
绥江县,271
水富县,271
双江拉祜族佤族布朗族傣族自治县,282
石屏县,273
双柏县,272
申扎县,287
索县,287
桑日县,285
萨嘎县,286
萨迦县,286
三原县,292
神木县,296
绥德县,296
商南县,298
石泉县,297
山阳县,298
肃北蒙古族自治县,307
山丹县,305
肃南裕固族自治县,305
疏附县,334
疏勒县,334
莎车县,334
沙雅县,332
石柱土家族自治县,9
沙湾县,337
太仓市,6
天镇县,36
屯留县,38
鄯善县,335
唐县,29
托克托县,46
突泉县,53
台安县,58
铁岭县,67
洮南市,77
通榆县,77
通化县,74
图们市,78
通河县,79
泰来县,80
铁力市,85
同江市,86
汤原县,86
塔河县,91
铜山县,92
泰兴市,99
太谷县,41
通州市,94
桐庐县,3
桐乡市,102
天台县,108
泰顺县,101
太和县,120
天长市,119
铜陵县,116
桐城市,117
太湖县,117
泰宁县,128
铜鼓县,142
泰和县,141
郯城县,155
滕州市,146
汤阴县,164
台前县,168
通许县,161
唐河县,172
桐柏县,172
太康县,175
团风县,185
通城县,186
通山县,186
桃源县,197
桃江县,199
通道侗族自治县,202
台山市,209
藤县,227
天等县,394
田阳县,233
田东县,233
田林县,233
天峨县,235
通江县,253
天全县,252
桐梓县,260
铜仁市,262
天柱县,265
台江县,265
通海县,269
腾冲县,270
潼关县,293
天祝藏族自治县,304
通渭县,309
太白县,291
天峻县,320
同仁县,316
塔什库尔干塔吉克自治县,334
吐鲁番市,335
托克逊县,335
唐海县,25
特克斯县,336
塔城市,337
潼南县,9
托里县,337
铜梁县,9
同德县,411
塘沽,10
乌兰浩特市,53
同心县,323
吴江,6
瓦房店市,19
无极县,24
蔚县,30
万全县,30
围场满族蒙古族自治县,31
文安县,33
武邑县,34
望都县,29
武强县,34
吴桥县,32
威县,28
武安市,27
魏县,27
武乡县,38
五台县,43
五寨县,43
文水县,45
武川县,46
五原县,56
汪清县,78
五常市,79
五大连池市,89
望奎县,90
武义县,105
温岭市,108
文成县,101
涡阳县,124
五河县,112
芜湖县,111
望江县,117
武平县,132
无为县,111
武宁县,137
万年县,144
婺源县,144
万载县,142
万安县,141
武城县,156
文登市,152
五莲县,153
微山县,150
汶上县,150
无棣县,158
武陟县,167
温县,167
卫辉市,166
尉氏县,161
舞阳县,170
舞钢市,163
武穴市,185
五峰土家族自治县,179
望城县,344
武冈市,195
翁源县,205
五华县,214
吴川市,210
武鸣县,224
武宣县,398
旺苍县,243
武胜县,250
威远县,245
万源市,251
汶川县,255
务川仡佬族苗族自治县,260
瓮安县,266
望谟县,263
威信县,271
维西傈僳族自治县,281
巍山彝族回族自治县,277
武定县,272
文山县,274
吴起县,294
武功县,292
吴堡县,296
武山县,303
渭源县,309
文县,310
乌兰县,320
乌鲁木齐县,325
温宿县,332
乌什县,332
乌恰县,333
温泉县,330
乌苏市,337
武隆县,9
巫峡县,9
巫山县,9
尉犁县,331
锡林浩特市,54
辛集市,24
新乐市,24
西昌市,257
香河县,33
雄县,29
宣化县,30
兴隆县,31
行唐县,24
徐水县,29
献县,32
邢台县,28
新河县,28
襄垣县,38
襄汾县,44
乡宁县,44
隰县,44
昔阳县,41
孝义市,45
兴县,45
兴和县,55
新民市,18
西丰县,67
新宾满族自治县,59
岫岩满族自治县,58
兴城市,69
逊克县,89
新沂市,92
盱眙县,96
响水县,97
兴化市,99
新昌县,104
仙居县,108
萧县,121
歙县,118
休宁县,118
武夷山市,131
仙游县,127
霞浦县,133
新建县,134
修水县,137
星子县,137
信丰县,140
兴国县,140
寻乌县,140
峡江县,141
新干县,141
莘县,157
新泰市,151
新郑市,160
夏津县,156
新密市,160
新安县,162
修武县,167
新乡县,166
浚县,165
夏邑县,173
许昌县,169
襄城县,169
西峡县,172
淅川县,172
息县,174
新野县,172
项城市,175
西华县,175
西平县,176
新县,174
新蔡县,176
孝昌县,183
浠水县,185
宣恩县,188
咸丰县,188
湘阴县,196
湘乡市,193
兴山县,179
湘潭县,193
新田县,201
新邵县,195
新宁县,195
溆浦县,202
新化县,203
新晃侗族自治县,202
新丰县,205
兴宁市,214
新兴县,223
信宜市,211
徐闻县,210
兴安县,226
兴业县,232
西林县,233
象州县,398
忻城县,398
新津县,8
西充县,247
叙永县,240
兴文县,249
宣汉县,251
小金县,255
新龙县,256
乡城县,256
喜德县,257
修文县,258
息烽县,258
习水县,260
威宁彝族回族苗族自治县,264
兴义市,263
兴仁县,263
寻甸回族彝族自治县,267
宣威市,268
新平彝族傣族自治县,269
西盟佤族自治县,275
香格里拉县,281
祥云县,277
西畴县,274
谢通门县,286
兴平市,292
旬邑县,292
西乡县,295
旬阳县,297
西和县,310
夏河县,312
循化撒拉族自治县,314
西吉县,324
新和县,332
新源县,336
秀山土家族苗族自治县,9
兴海县,411
象山县,11
萧山,3
延吉市,78
余姚市,11
仪征市,12
宜兴,13
延庆县,2
元氏县,24
阳原县,30
玉田县,25
永清县,33
易县,29
盐山县,32
永年县,27
阳曲县,35
应县,40
右玉县,40
阳高县,36
盂县,37
阳城县,39
原平市,43
翼城县,44
榆社县,41
永和县,44
牙克石市,52
义县,62
榆树市,70
永吉县,71
伊通满族自治县,72
依兰县,79
延寿县,79
依安县,80
友谊县,83
扬中市,98
永康市,105
玉环县,108
乐清市,101
永嘉县,101
云和县,109
颍上县,120
岳西县,117
黟县,118
永泰县,14
永安市,128
永春县,129
永定县,132
尤溪县,128
云霄县,130
永修县,137
余江县,139
于都县,140
玉山县,144
弋阳县,144
余干县,144
宜黄县,143
宜丰县,142
永丰县,141
永新县,141
阳谷县,157
禹城市,156
沂源县,145
沂水县,155
沂南县,155
兖州市,150
鱼台县,150
阳信县,158
郓城县,159
荥阳市,160
义马市,171
偃师市,162
宜阳县,162
伊川县,162
原阳县,166
延津县,166
永城市,173
虞城县,173
禹州市,169
鄢陵县,169
叶县,163
郧县,178
郧西县,178
宜城市,180
应城市,183
云梦县,183
英山县,185
阳新县,177
宜都市,179
远安县,179
沅江市,199
岳阳县,196
攸县,192
炎陵县,192
永兴县,200
宜章县,200
沅陵县,202
永顺县,204
英德市,218
阳山县,218
云安县,223
郁南县,223
阳春市,217
阳西县,217
阳东县,217
阳朔县,226
永福县,226
宜州市,235
盐亭县,242
营山县,247
仪陇县,247
岳池县,250
宜宾县,249
盐边县,239
荥经县,252
雅江县,256
盐源县,257
越西县,257
余庆县,260
玉屏侗族自治县,262
印江土家族苗族自治县,262
沿河土家族自治县,262
宜良县,267
易门县,269
元江哈尼族彝族傣族自治县,269
盐津县,271
永善县,271
彝良县,271
永胜县,279
玉龙纳西族自治县,279
永德县,282
云县,282
盈江县,278
永平县,277
云龙县,277
漾濞彝族自治县,277
姚安县,272
永仁县,272
元谋县,272
元阳县,273
砚山县,274
亚东县,286
延长县,294
延川县,294
宜川县,294
宜君县,290
永寿县,292
洋县,295
永登县,299
榆中县,299
玉门市,307
永靖县,311
永昌县,301
玉树县,319
永宁县,321
盐池县,323
叶城县,334
英吉沙县,334
岳普湖县,334
于田县,335
伊吾县,328
焉耆回族自治县,331
伊宁市,336
裕民县,337
云阳县,9
酉阳土家族苗族自治县,9
伊宁县,336
增城市,4
张家港市,6
庄河市,19
涿鹿县,30
涿州市,29
遵化市,25
枣强县,34
泽州县,39
左权县,41
中阳县,45
扎兰屯市,52
卓资县,55
左云县,36
彰武县,64
镇赉县,77
肇州县,84
肇源县,84
肇东市,90
诸暨市,104
枞阳县,117
政和县,131
漳浦县,130
诏安县,130
漳平市,132
柘荣县,133
周宁县,133
资溪县,143
樟树市,142
章丘市,22
诸城市,149
招远市,148
邹城市,150
沾化县,158
邹平县,158
中牟县,160
柘城县,173
镇平县,172
正阳县,176
竹山县,178
竹溪县,178
枣阳市,180
钟祥市,182
枝江市,179
秭归县,179
株洲县,192
资兴市,200
中方县,202
芷江侗族自治县,202
紫金县,216
资源县,226
昭平县,234
钟山县,234
梓潼县,242
中江县,241
昭觉县,257
遵义县,260
正安县,260
镇宁布依族苗族自治县,261
紫云苗族布依族自治县,261
织金县,264
镇远县,265
贞丰县,263
沾益县,268
镇雄县,271
镇沅彝族哈尼族拉祜族自治县,275
镇康县,282
左贡县,284
扎囊县,285
仲巴县,286
札达县,288
周至县,17
子长县,294
志丹县,294
镇巴县,295
子洲县,296
紫阳县,297
镇坪县,297
镇安县,298
柞水县,298
张家川回族自治县,303
正宁县,308
镇原县,308
庄浪县,306
漳县,309
卓尼县,312
舟曲县,312
泽库县,316
治多县,319
杂多县,319
张北县,30
泽普县,334
忠县,9
昭苏县,336
正定县,24
资中县,245
赵县,24
宿州,121
安阳,164
安庆,117
阿坝,255
澳大利亚,2318
鞍山,58
奥克兰,2384
安顺,261
阿勒泰地区,338
阿克苏地区,332
安康,297
奥兰多,0
阿里,288
阿拉尔,389
阿拉善,57
阿里山,0
阿格拉,0
安特卫普,0
阿姆斯特丹,0
安塔丽亚,0
安卡拉,0
雅典,0
爱丁堡,0
亚历山大,0
亚斯文,0
埃塞俄比亚,0
曼谷,0
北海道,0
芭堤雅,0
釜山,0
巴厘岛,0
槟城,2360
万隆,0
巴拉望岛,0
长滩岛,0
北京,2
薄荷岛,0
宝鸡,291
布里斯班,2381
北海,228
包头,47
蚌埠,112
本溪,60
滨州,158
巴黎,0
巴音郭楞,331
亳州,124
白山,75
保定,29
保山,270
百色,233
白城,77
毕节地区,264
巴中,253
巴彦淖尔,56
白银,302
博尔塔拉,330
波士顿,0
布鲁塞尔,0
北屯,346
布鲁日,0
柏林,0
布拉格,0
布尔诺,0
伯尔尼,0
巴塞罗纳,0
布达佩斯,0
比萨,0
比勒陀利亚,0
布宜诺斯艾利斯,0
文莱,0
保亭,391
白沙,390
清迈,0
成都,8
清莱,2348
重庆,9
长沙,344
长春,70
冲绳,0
宿雾,0
长滩岛,0
柬埔寨,2316
承德,31
沧州,32
常州,93
凯恩斯,2383
堪培拉,2382
潮州,221
常德,197
赤峰,49
基督城,2387
戛纳,0
长治,38
池州,125
昌吉州,329
芝加哥,0
朝阳,68
崇左,394
楚雄州,272
昌都地区,284
郴州,200
科隆,0
克里特,0
剑桥,0
滁州,119
开罗,0
卡萨布兰卡,0
开普敦,0
坎坤,0
库斯科,0
哥斯达黎加,0
澄迈县,393
昌江,392
东京,0
大连,19
大阪,0
大同,36
东莞,219
大庆,84
丹东,61
德州,156
迪庆,281
大理,277
达州,251
东营,147
德阳,241
第戎,0
大兴安岭,91
德宏,278
定西,309
大溪地,0
新德里,0
多伦多,0
都灵,0
都柏林,0
儋州,358
东方,396
鄂尔多斯,51
定安县,395
恩施州,188
爱丁堡,0
埃塞俄比亚,0
鄂州,181
釜山,0
福州,14
富士山,0
福冈,0
佛山,208
斐济,0
阜新,64
法国,0
阜阳,120
抚顺,59
法兰克福,0
防城港,229
抚州,143
佛罗伦萨,0
贵阳,258
戛纳,0
贵港,231
玉林,232
甘孜州,256
广元,243
广安,250
赣州,140
甘南,312
固原,324
果洛,318
高雄,0
黄金海岸,2380
国外其他,343
广州,4
桂林,226
哥德堡,0
日内瓦,0
哥斯达黎加,0
呼和浩特,46
香港,0
杭州,3
哈尔滨,79
海口,23
合肥,110
北海道,0
箱根,0
韩国,2314
河内,2367
海防市,2368
黄金海岸,2380
黄山,118
胡志明市,2366
湖州,103
邯郸,27
惠州,213
葫芦岛,69
黄冈,185
淮安,96
皇后镇,2385
黑河,89
黄石,177
惠灵顿,2386
河源,216
贺州,234
衡阳,194
汉中,295
呼伦贝尔,52
衡水,34
怀化,202
海西,320
哈密地区,328
淮北,115
河池,235
海东,314
红河,273
鹤壁,165
鹤岗,82
和田地区,335
海北,315
黄南,316
汉堡,0
花莲,0
夏威夷,0
菏泽,159
海牙,0
海南州,411
京都,0
济南,22
雅加达,0
金边,2364
嘉兴,102
济州岛,0
金华,105
吉隆坡,0
吉林,71
日本,2315
锦州,62
荆州,184
江门,209
基督城,2387
景德镇,135
揭阳,222
佳木斯,86
鸡西,81
晋中,41
荆门,182
吉安,141
酒泉,307
宜春,142
抚州,143
晋城,39
济宁,150
旧金山,0
嘉峪关,300
济源,397
焦作,167
斋浦尔,0
金昌,301
剑桥,0
基拉尼,0
约翰内斯堡,0
约旦,0
牙买加,0
九江,137
沙美岛,2350
淮南,113
京都,0
晋江,1009
吉隆坡,0
韩国,2314
昆明,267
开封,161
喀什地区,334
皮皮岛,2347
克拉玛依,326
克孜勒苏,333
高雄,0
堪培拉,2382
科隆,0
垦丁,0
卡罗维瓦立,0
克里特,0
基拉尼,0
开罗,0
卡萨布兰卡,0
开普敦,0
坎坤,0
库斯科,0
肯尼亚,0
兰卡威,2361
凯恩斯,2383
廊坊,33
乐山,246
丽江,279
连云港,95
昆山,416
兰州,299
拉萨,283
辽阳,65
临沂,155
洛阳,162
临汾,44
凉山,257
莱芜,154
柳州,225
聊城,157
泸州,240
龙岩,132
里昂,0
林芝地区,289
辽源,73
六安,123
丽水,109
漯河,170
洛杉矶,0
六盘水,259
拉斯维加斯,0
娄底,203
陇南,310
来宾,398
鹿特丹,0
临夏州,311
临沧,282
吕梁,45
里斯本,0
卢塞恩,0
罗马,0
利物浦,0
伦敦,0
卢克索,0
利马,0
里约热内卢,0
老挝,0
黎巴嫩,0
乐东,399
临高县,400
曼谷,0
陵水,401
马来西亚,2312
马尔代夫,0
马尼拉,0
澳门,0
梅州,214
茂名,211
墨尔本,2322
绵阳,242
马鞍山,114
其它城市,20
牡丹江,88
毛里求斯,0
马赛,0
眉山,248
孟买,0
蒙特娄,0
迈阿密,0
慕尼黑,0
马尔默,0
棉花堡,0
马略卡岛,0
马德里,0
米科诺斯,0
曼彻斯特,0
马拉喀什,0
墨西哥城,0
马丘比丘,0
缅甸,0
马达加斯加,0
南京,5
宁波,11
南昌,134
南宁,224
新西兰,2319
南平,131
南通,94
南阳,172
南充,247
尼斯,0
纽约,0
内江,245
那曲,287
怒江,280
南投,0
尼泊尔,0
尼亚加拉瀑布,0
新北,0
宁德,133
那不勒斯,0
牛津,0
普吉岛,0
芭堤雅,0
巴拉望岛,0
菲律宾,0
皮皮岛,2347
盘锦,66
濮阳,168
金边,2364
莆田,127
巴黎,0
普罗旺斯,0
萍乡,136
攀枝花,239
平凉,306
平顶山,163
拜县,2349
普洱,275
布拉格,0
波尔图,0
棉花堡,0
比萨,0
比勒陀利亚,0
帕劳,0
清迈,0
清莱,2348
青岛,21
秦皇岛,26
皇后镇,2385
清远,218
泉州,129
黔东南,265
潜江,190
衢州,106
钦州,230
曲靖,268
庆阳,308
齐齐哈尔,80
七台河,87
黔南,266
黔西南,263
琼中,403
琼海,402
南投,0
日喀则地区,286
鹿特丹,0
日内瓦,0
日本,2315
日照,153
罗马,0
里约热内卢,0
上海,1
苏州,6
苏梅岛,2346
深圳,7
沈阳,18
沙美岛,2350
三亚,345
新加坡,0
沙巴,0
塞班岛,0
宿雾,0
槟城,2360
石家庄,24
暹粒,2363
西哈努克,2365
汕头,207
韶关,205
上饶,144
绍兴,104
十堰,178
宿州,121
邵阳,195
三明,128
斯里兰卡,0
松原,76
四平,72
悉尼,2379
宿迁,100
汕尾,215
商丘,173
石河子,339
遂宁,244
随州,187
三门峡,171
石嘴山,322
旧金山,0
朔州,40
西雅图,0
商洛,298
双鸭山,83
绥化,90
山南,285
塞舌尔,0
萨尔兹堡,0
斯德哥尔摩,0
苏黎世,0
塞维利亚,0
圣托里尼,0
圣地亚哥,0
圣保罗,0
三沙,2310
神农架林区,404
东京,0
天津,10
太原,35
泰国,2313
唐山,25
台州,108
泰安,151
铁岭,67
台湾,340
通化,74
吐鲁番地区,327
泰州,99
通辽,50
天水,303
铜川,290
铜仁地区,262
首尔,0
塔城地区,337
天门,191
台北,0
大溪地,0
多伦多,0
台中,0
海牙,0
都灵,0
铜陵,116
坦桑尼亚,0
图木舒克,405
屯昌县,406
无锡,13
台南,2338
桃园,2339
万隆,0
乌鲁木齐,325
潍坊,149
武汉,16
温州,101
威海,152
惠灵顿,2386
梧州,227
渭南,293
乌海,48
武威,304
吴忠,323
文山州,274
温哥华,0
瓦拉纳西,0
乌兰察布,55
渥太华,0
芜湖,111
维也纳,0
文莱,0
万宁,407
威尼斯,0
五指山,410
五家渠,409
文昌,408
香港,0
箱根,0
新加坡,0
西宁,313
厦门,15
暹粒,2363
西哈努克,2365
西安,17
邢台,28
咸阳,292
湘西,204
悉尼,2379
徐州,92
许昌,169
新乡,166
湘潭,193
新西兰,2319
襄阳,180
新余,138
宣城,126
咸宁,186
信阳,174
西双版纳,276
孝感,183
西雅图,0
忻州,43
兴安盟,53
仙桃,189
锡林郭勒,54
夏威夷,0
新北,0
新德里,0
雅加达,0
沙巴,0
越南,2317
扬州,12
宜昌,179
盐城,97
烟台,148
营口,63
阳江,217
银川,321
延安,294
岳阳,196
延边,78
榆林,296
云浮,223
伊犁,336
益阳,199
雅安,252
宜宾,249
玉溪,269
宜春,142
鹰潭,139
因斯布鲁克,0
玉树,319
阳泉,37
永州,201
伊春,85
因特拉肯,0
运城,42
伊斯坦布尔,0
伊兹密尔,0
亚历山大,0
雅典,0
亚斯文,0
约翰内斯堡,0
以色列,0
约旦,0
牙买加,0
中山,220
珠海,206
义乌,385
郑州,160
台州,108
肇庆,212
自贡,238
舟山,107
张家口,30
湛江,210
张家界,198
镇江,98
淄博,145
株洲,192
周口,175
枣庄,146
中卫,351
驻马店,176
遵义,260
张掖,305
资阳,254
芝加哥,0
斋浦尔,0
苏黎世,0
昭通,271
漳州,130
